{"cameraMode":{"drawMode":0,"name":"Shaded","section":"Shading Mode"},"sceneLighting":true,"audioPlay":false,"sceneViewState":{"showFog":true,"showMaterialUpdate":false,"showSkybox":true,"showFlares":true,"showImageEffects":true,"showParticleSystems":true},"in2DMode":false,"pivot":{"x":26.199920654296876,"y":3.150343418121338,"z":21.746156692504884},"rotation":{"x":0.018467890098690988,"y":-0.9058769345283508,"z":0.039711833000183108,"w":0.4212706983089447},"size":6.594854831695557,"orthographic":false}